0.312277,0.420124,2.21493,3.13152,2.19698,0
0.293388,0.42638,2.22067,3.09446,2.20288,1
0.287717,0.431908,2.17288,3.02764,2.20332,2
0.318123,0.422725,2.12421,2.96374,2.19416,3
0.30179,0.415679,2.07533,2.86623,2.21517,4
0.300316,0.420456,1.99559,2.80009,2.19073,5
0.283616,0.429778,1.95075,2.69888,2.21028,6
0.309865,0.429519,1.88254,2.62059,2.20447,7
0.29749,0.430347,1.80836,2.53427,2.18127,8
0.296781,0.432689,1.74809,2.43979,2.21254,9
0.299026,0.441025,1.66635,2.35938,2.20507,10
0.29199,0.435699,1.63372,0.721323,1.35365,11
0.284969,0.411319,1.57387,0.644898,1.28737,12
0.285113,0.415384,1.50496,0.595405,1.2744,13
0.311043,0.409212,1.45765,0.556071,1.28786,14
0.316329,0.421622,1.39491,0.542182,1.39241,15
0.305739,0.422473,1.32861,1.86376,1.84361,16
0.310799,0.411605,1.27385,1.77681,1.77727,17
0.319954,0.410499,1.21665,1.68912,1.74684,18
0.324709,0.424511,1.17047,1.59666,1.7801,19
0.308324,0.478677,1.07518,1.63573,0.462331,20
0.304106,0.539116,1.05743,1.79555,0.424554,21
0.325309,0.688218,1.02124,2.0577,0.429206,22
0.362696,0.928999,0.999326,2.32548,0.402022,23
0.398003,0.89463,0.630244,2.21177,0.388715,24
0.512464,0.806205,0.56111,2.15086,0.353357,25
0.612972,0.754469,0.564278,2.08056,0.376365,26
0.764513,0.717551,1.18705,2.06652,0.336777,27
0.778155,0.689179,1.33593,1.66951,0.32187,28
0.701682,0.346817,1.67463,1.63734,0.300675,29
0.646095,0.277778,1.96811,2.13565,0.300048,30
0.611479,0.300189,1.83113,2.20733,0.307946,31
0.238073,0.829867,1.76213,1.20102,0.274035,32
0.235848,0.92073,1.71697,1.19057,0.270072,33
0.621556,1.16269,1.66219,2.25404,0.276409,34
0.636717,1.17657,1.54876,1.08401,0.336116,35
0.674767,1.19605,1.45613,0.9371,1.89503,36
0.690799,1.24926,1.34953,0.864128,1.85631,37
0.703024,1.30562,1.27312,0.817452,1.84943,38
0.71767,1.29875,1.16363,2.04989,1.81337,39
0.783697,1.2129,1.12526,2.02068,1.84151,40
0.821171,1.0862,1.10221,0.701197,1.90215,41
0.889804,1.00146,0.68293,0.641998,1.99432,42
1.00028,0.912224,0.612618,0.60227,2.13004,43
1.17149,0.857687,1.20381,0.552367,2.30663,44
1.05064,0.806922,1.32614,0.534546,2.15076,45
0.916236,0.816689,1.5328,0.513612,2.01063,46
0.809714,0.43124,1.69807,1.64534,1.90073,47
0.813192,0.378842,1.66871,1.6388,1.9181,48
0.814356,0.383521,1.64727,0.487143,1.92793,49
0.806228,0.357346,1.63211,0.416261,1.93305,50
0.793095,0.322428,1.60753,0.36518,1.9214,51
0.785353,0.321251,1.56743,0.355522,1.96593,52
0.772597,0.317718,1.55135,0.325215,1.97189,53
0.755534,0.287497,1.55612,0.300819,1.95748,54
0.753023,0.294354,1.4979,0.289653,1.98024,55
0.742947,0.264127,1.51061,0.263092,1.98978,56
0.7402,0.281274,1.48716,0.266395,2.00495,57
0.735547,0.275454,1.45486,0.246551,2.01277,58
0.73434,0.284825,1.44397,0.208965,1.99253,59
0.696231,0.705731,1.44545,0.229213,2.02257,60
0.723964,0.711768,1.40066,0.237459,2.01046,61
0.269416,0.687703,1.39555,0.190922,2.04936,62
0.217707,0.671466,1.35002,0.190421,2.0483,63
0.227775,0.655853,1.34664,0.183533,2.06075,64
0.211743,0.671463,1.30907,0.177903,0.215651,65
0.200436,0.662172,1.30933,0.217448,0.184938,66
0.19824,0.643052,1.2877,1.24645,0.156881,67
0.206437,0.63684,1.26552,1.20991,0.145022,68
0.217374,0.639945,1.23984,1.22082,0.139994,69
0.206833,0.627857,1.20764,1.20933,0.126139,70
0.216372,0.611873,1.19615,1.17853,0.129494,71
0.241886,0.612031,1.17187,1.17532,0.12154,72
0.269333,0.590647,1.14409,1.13924,0.138851,73
0.595495,0.607029,1.14228,1.10975,0.125482,74
0.579666,0.581263,1.12038,1.09957,0.149015,75
0.578065,0.569569,1.09494,1.09734,0.176535,76
0.582165,0.560449,1.09152,1.06918,0.234537,77
0.561701,0.554045,1.07148,1.03072,2.16755,78
0.540368,0.547631,1.0465,1.00653,2.18565,79
0.531592,0.544425,1.01103,0.994239,2.19631,80
0.531701,0.515985,0.995787,0.976523,2.20378,81
0.523178,0.515657,0.98316,0.957516,2.20535,82
0.50343,0.510681,0.952325,0.955265,2.14958,83
0.493792,0.488859,0.937123,0.927013,2.10489,84
0.508486,0.503061,0.908054,0.910664,2.06102,85
0.471444,0.496591,0.899064,0.86671,2.00247,86
0.484946,0.474684,0.882868,0.887211,1.98243,87
0.476534,0.443079,0.848735,0.832571,1.92992,88
0.469718,0.457957,0.853936,0.817697,1.8901,89
0.47016,0.452673,0.802402,0.81396,1.84441,90
0.436892,0.451472,0.791155,0.796733,1.79865,91
0.433514,0.435025,0.795441,0.761262,1.7586,92
0.443043,0.412751,0.74857,0.756023,1.71717,93
0.422323,0.416127,0.748931,0.731382,1.65278,94
0.41949,0.401874,0.713369,0.694638,1.62186,95
0.423112,0.399195,0.699615,0.671002,1.57184,96
0.415294,0.377782,0.683674,0.661859,1.52157,97
0.404317,0.376858,0.663602,0.645232,1.47698,98
0.378274,0.368179,0.642705,0.635228,1.4414,99
0.372168,0.349122,0.618617,0.598552,1.4098,100
0.355046,0.347995,0.59936,0.599038,1.33897,101
0.363048,0.344546,0.573133,0.551048,1.29984,102
0.346938,0.337332,0.569369,0.53908,1.25755,103
0.329814,0.327643,0.548032,0.526101,1.21024,104
0.321803,0.32024,0.519206,0.497289,1.13792,105
0.288838,0.305415,0.489239,0.490921,1.13361,106
0.304259,0.303281,0.476586,0.464889,1.09107,107
0.284106,0.283999,0.448894,0.448494,1.05192,108
0.27377,0.279063,0.435559,0.431656,0.986436,109
0.280064,0.283298,0.416505,0.41455,0.940945,110
0.274609,0.266756,0.402639,0.395929,0.900618,111
0.275229,0.276003,0.383584,0.38624,0.840314,112
0.251534,0.265575,0.354506,0.361058,0.807527,113
0.23249,0.25011,0.347993,0.340965,0.793268,114
0.255309,0.250668,0.331617,0.331921,0.779626,115
0.247909,0.27255,0.321426,0.309445,0.74929,116
0.245026,0.229121,0.349837,0.345874,0.754526,117
0.248734,0.225406,0.33615,0.322983,0.766449,118
0.248148,0.239651,0.320345,0.344971,0.752693,119
0.240825,0.237004,0.317366,0.323533,0.770815,120
0.244681,0.24238,0.313186,0.339715,0.745791,121
0.251308,0.249562,0.32783,0.335901,0.745969,122
0.247038,0.237079,0.366021,0.318813,0.77056,123
0.24031,0.215629,0.3234,0.336345,0.761436,124
0.250475,0.239068,0.339105,0.333903,0.774012,125
0.238879,0.243167,0.342828,0.342119,0.789388,126
0.235611,0.244363,0.341512,0.339879,0.780864,127
0.238759,0.244612,0.338588,0.342529,0.772513,128
0.226087,0.23723,0.331944,0.335858,0.766768,129
0.2397,0.240688,0.3407,0.328875,0.74633,130
0.233069,0.236558,0.345854,0.332834,0.759379,131
0.235509,0.230838,0.30552,0.337752,0.759001,132
0.251807,0.249279,0.33245,0.307977,0.753776,133
0.239601,0.231174,0.341838,0.317929,0.736264,134
0.246914,0.232072,0.321486,0.315897,0.752633,135
0.231284,0.247158,0.333645,0.327593,0.764837,136
0.252872,0.234004,0.316878,0.314663,0.774502,137
0.23208,0.246877,0.344679,0.329242,0.763108,138
0.255689,0.252138,0.345939,0.341822,0.759458,139
0.229601,0.238061,0.337732,0.327188,0.766578,140
0.246465,0.22174,0.349474,0.335769,0.757546,141
0.25037,0.226853,0.330168,0.314888,0.756693,142
0.253961,0.231111,0.330233,0.327926,0.744649,143
0.235077,0.245479,0.33828,0.317829,0.76507,144
0.239186,0.225516,0.334898,0.337779,0.760302,145
0.240647,0.231496,0.334111,0.324106,0.756523,146
0.239198,0.266899,0.335498,0.34686,0.76321,147
0.248644,0.238625,0.340868,0.342252,0.772071,148
0.234452,0.233939,0.347332,0.340308,0.783276,149
0.231119,0.249738,0.345304,0.325618,0.763233,150
0.24487,0.22023,0.340865,0.316722,0.756702,151
0.231888,0.247824,0.339145,0.329205,0.749355,152
0.240332,0.234433,0.329059,0.347903,0.77876,153
0.225518,0.241987,0.329129,0.318473,0.762134,154
0.242719,0.261825,0.352707,0.310548,0.772785,155
0.249778,0.23496,0.339174,0.333356,0.768103,156
0.246417,0.252135,0.348641,0.314279,0.764931,157
0.250153,0.224987,0.336228,0.325495,0.778642,158
0.237253,0.239014,0.340654,0.337901,0.764664,159
0.231636,0.244494,0.348491,0.314705,0.764566,160
0.245029,0.222376,0.332446,0.331659,0.761723,161
0.253349,0.237837,0.33163,0.323584,0.743373,162
0.250929,0.232276,0.336762,0.325994,0.749974,163
0.246804,0.236495,0.343264,0.32494,0.757227,164
0.239889,0.23772,0.328822,0.333368,0.766213,165
0.236556,0.246289,0.337686,0.327,0.764115,166
0.228954,0.240388,0.344324,0.335587,0.759985,167
0.22779,0.238387,0.329049,0.333132,0.772234,168
0.257963,0.247444,0.336229,0.33007,0.76715,169
0.247135,0.228026,0.328439,0.326202,0.757861,170
0.240389,0.244677,0.341147,0.323275,0.749684,171
0.244686,0.229728,0.335661,0.316361,0.749647,172
0.250127,0.255198,0.335943,0.328778,0.755245,173
0.24962,0.227711,0.346501,0.318591,0.736663,174
0.238326,0.25124,0.345772,0.328531,0.751414,175
0.236154,0.237163,0.341564,0.318255,0.75582,176
0.244797,0.254628,0.33216,0.345437,0.763812,177
0.249507,0.247757,0.348046,0.32576,0.742794,178
0.240424,0.246246,0.337266,0.329031,0.733362,179
0.240665,0.214405,0.334696,0.309752,0.746363,180
0.235298,0.244633,0.33834,0.32423,0.738097,181
0.248592,0.255258,0.334506,0.322297,0.762442,182
0.242557,0.237379,0.336352,0.333914,0.731408,183
0.229363,0.232765,0.332068,0.351376,0.75618,184
0.232145,0.235885,0.332979,0.328683,0.76267,185
0.243964,0.239493,0.334049,0.319706,0.724715,186
0.256146,0.22492,0.331213,0.304144,0.735676,187
0.227294,0.240775,0.34,0.324006,0.716444,188
0.227341,0.23644,0.345583,0.32012,0.738927,189
0.246106,0.241539,0.34686,0.321654,0.744095,190
0.239389,0.240985,0.332183,0.335685,0.742089,191
0.243644,0.228692,0.351299,0.324388,0.743247,192
0.23966,0.234742,0.333187,0.315643,0.7385,193
0.250908,0.224999,0.344286,0.323263,0.739587,194
0.243166,0.227746,0.329157,0.339451,0.719101,195
0.259932,0.23997,0.324519,0.347046,0.739809,196
0.23956,0.233561,0.34594,0.327729,0.735361,197
